seq, first, last, age, gender, email, phone
1,Eleanor,Chambers,22,Female,if@sakkucveg.dk,(932) 226-6573
2,Jonathan,Ramsey,44,Female,ih@wak.gd,(546) 443-4232
3,Glenn,Maldonado,53,Male,jinittu@azu.az,(336) 643-8354
4,Luke,Frank,38,Female,zu@tosiv.bj,(221) 550-7061
5,Hattie,Guzman,43,Female,ranwacso@we.bm,(610) 492-2528
6,Randall,Morales,33,Female,ta@samfiko.vi,(780) 659-8345
7,Terry,Hoffman,44,Male,medel@bozod.ao,(903) 965-9375
8,Max,Cruz,29,Female,si@zemri.mv,(675) 609-4988
9,Isaac,Horton,64,Female,du@jonezaner.sm,(735) 815-5278
10,Allen,Mendoza,32,Male,ezegimsa@vi.io,(731) 344-5359
11,Raymond,Nichols,62,Female,molar@egi.pr,(219) 397-9815
12,Leona,Hogan,62,Male,nehab@zozenfo.th,(580) 439-5475
13,Eddie,Burns,26,Male,etenibob@akikonaw.nz,(474) 464-9277
14,Rosa,Watts,53,Female,bi@hi.ec,(823) 438-9372
15,Cecilia,Rowe,31,Female,wakeci@ciire.fj,(666) 852-8201
16,Ronald,Simpson,54,Female,kopimfu@ap.sa,(670) 437-9929
17,Ernest,Richardson,65,Male,lacignik@udonebdid.wf,(418) 334-7001
18,Lola,Farmer,35,Female,ajviur@cuwiz.il,(982) 986-2313
19,Noah,Bishop,59,Female,eba@ziha.rs,(734) 783-3126
20,Gordon,Blair,33,Female,les@jojilog.cn,(589) 532-1573
21,Duane,Murray,57,Female,vusrum@pettosep.gs,(371) 566-3867
22,Max,Allen,52,Male,ibunuh@le.lr,(706) 786-9707
23,Ricky,Davis,62,Male,gorez@vesulaz.ng,(754) 814-5916
24,Anthony,Fowler,18,Male,nomi@sopzeret.nf,(589) 204-3697
25,Lena,Burton,45,Male,aguda@ke.mw,(988) 379-6620
26,Bernice,Woods,49,Female,bidecwe@aj.co,(211) 714-5804
27,Sally,Bass,35,Male,sabhu@be.pe,(272) 997-4402
28,Hattie,Hanson,22,Female,bazon@co.ao,(316) 480-3593
29,Adele,Parks,60,Female,tohupide@te.tm,(469) 881-8317
30,Lois,Thornton,56,Female,fud@lun.gn,(537) 544-5270
